,Match_ID,Unique_Team_ID,Unique_Team,Div,Season,Date,HomeTeam,AwayTeam,FTHG,FTAG,FTR,KaderHome,AvgAgeHome,ForeignPlayersHome,OverallMarketValueHome,AvgMarketValueHome,StadiumCapacity
1091,1109,3,Leverkusen,D1,2011,2011-08-27,Leverkusen,Dortmund,0,0,D,29,23,9,151100000,5210000,30210
1092,1273,3,Leverkusen,D1,2011,2011-09-09,Augsburg,Leverkusen,1,4,A,29,23,9,151100000,5210000,30210
1093,1188,3,Leverkusen,D1,2011,2011-09-17,Leverkusen,FC Koln,1,4,A,29,23,9,151100000,5210000,30210
1094,1262,3,Leverkusen,D1,2011,2011-09-24,Bayern Munich,Leverkusen,3,0,H,29,23,9,151100000,5210000,30210
1095,1469,3,Leverkusen,D1,2011,2011-10-01,Leverkusen,Wolfsburg,3,1,H,29,23,9,151100000,5210000,30210
1096,1274,3,Leverkusen,D1,2011,2011-10-15,M'gladbach,Leverkusen,2,2,D,29,23,9,151100000,5210000,30210
1097,1305,3,Leverkusen,D1,2011,2011-10-23,Leverkusen,Schalke 04,0,1,A,29,23,9,151100000,5210000,30210
1098,1277,3,Leverkusen,D1,2011,2011-10-28,Freiburg,Leverkusen,0,1,A,29,23,9,151100000,5210000,30210
1099,1226,3,Leverkusen,D1,2011,2011-11-05,Leverkusen,Hamburg,2,2,D,29,23,9,151100000,5210000,30210
1100,1265,3,Leverkusen,D1,2011,2011-11-18,Kaiserslautern,Leverkusen,0,2,A,29,23,9,151100000,5210000,30210
1101,1263,3,Leverkusen,D1,2011,2011-11-26,Hertha,Leverkusen,3,3,D,29,23,9,151100000,5210000,30210
1102,1640,3,Leverkusen,D1,2011,2011-12-02,Leverkusen,Hoffenheim,2,0,H,29,23,9,151100000,5210000,30210
1103,1275,3,Leverkusen,D1,2011,2011-12-10,Hannover,Leverkusen,0,0,D,29,23,9,151100000,5210000,30210
1104,1284,3,Leverkusen,D1,2011,2011-12-17,Leverkusen,Nurnberg,0,3,A,29,23,9,151100000,5210000,30210
1105,1422,3,Leverkusen,D1,2011,2012-01-22,Leverkusen,Mainz,3,2,H,29,23,9,151100000,5210000,30210
1106,1272,3,Leverkusen,D1,2011,2012-01-28,Werder Bremen,Leverkusen,1,1,D,29,23,9,151100000,5210000,30210
1107,1318,3,Leverkusen,D1,2011,2012-02-04,Leverkusen,Stuttgart,2,2,D,29,23,9,151100000,5210000,30210
1108,1268,3,Leverkusen,D1,2011,2012-02-11,Dortmund,Leverkusen,1,0,H,29,23,9,151100000,5210000,30210
1109,1631,3,Leverkusen,D1,2011,2012-02-18,Leverkusen,Augsburg,4,1,H,29,23,9,151100000,5210000,30210
1110,1269,3,Leverkusen,D1,2011,2012-02-25,FC Koln,Leverkusen,0,2,A,29,23,9,151100000,5210000,30210
1111,1103,3,Leverkusen,D1,2011,2012-03-03,Leverkusen,Bayern Munich,2,0,H,29,23,9,151100000,5210000,30210
1112,1271,3,Leverkusen,D1,2011,2012-03-10,Wolfsburg,Leverkusen,3,2,H,29,23,9,151100000,5210000,30210
1113,1483,3,Leverkusen,D1,2011,2012-03-17,Leverkusen,M'gladbach,1,2,A,29,23,9,151100000,5210000,30210
1114,1264,3,Leverkusen,D1,2011,2012-03-24,Schalke 04,Leverkusen,2,0,H,29,23,9,151100000,5210000,30210
1115,1206,3,Leverkusen,D1,2011,2012-03-31,Leverkusen,Freiburg,0,2,A,29,23,9,151100000,5210000,30210
1116,1267,3,Leverkusen,D1,2011,2012-04-08,Hamburg,Leverkusen,1,1,D,29,23,9,151100000,5210000,30210
1117,1234,3,Leverkusen,D1,2011,2012-04-11,Leverkusen,Kaiserslautern,3,1,H,29,23,9,151100000,5210000,30210
1118,1410,3,Leverkusen,D1,2011,2012-04-14,Leverkusen,Hertha,3,3,D,29,23,9,151100000,5210000,30210
1119,1266,3,Leverkusen,D1,2011,2012-04-21,Hoffenheim,Leverkusen,0,1,A,29,23,9,151100000,5210000,30210
1120,1372,3,Leverkusen,D1,2011,2012-04-28,Leverkusen,Hannover,1,0,H,29,23,9,151100000,5210000,30210
1121,1270,3,Leverkusen,D1,2011,2012-05-05,Nurnberg,Leverkusen,1,4,A,29,23,9,151100000,5210000,30210
1122,1858,3,Leverkusen,D1,2012,2012-08-25,Ein Frankfurt,Leverkusen,2,1,H,32,23,11,115900000,3620000,30210
1123,1811,3,Leverkusen,D1,2012,2012-09-01,Leverkusen,Freiburg,2,0,H,32,23,11,115900000,3620000,30210
1124,1868,3,Leverkusen,D1,2012,2012-09-15,Dortmund,Leverkusen,3,0,H,32,23,11,115900000,3620000,30210
1125,2076,3,Leverkusen,D1,2012,2012-09-23,Leverkusen,M'gladbach,1,1,D,32,23,11,115900000,3620000,30210
1126,1863,3,Leverkusen,D1,2012,2012-09-26,Augsburg,Leverkusen,1,3,A,32,23,11,115900000,3620000,30210
1127,2102,3,Leverkusen,D1,2012,2012-09-29,Leverkusen,Greuther Furth,2,0,H,32,23,11,115900000,3620000,30210
1128,1861,3,Leverkusen,D1,2012,2012-10-07,Stuttgart,Leverkusen,2,2,D,32,23,11,115900000,3620000,30210
1129,1998,3,Leverkusen,D1,2012,2012-10-20,Leverkusen,Mainz,2,2,D,32,23,11,115900000,3620000,30210
1130,1859,3,Leverkusen,D1,2012,2012-10-28,Bayern Munich,Leverkusen,1,2,A,32,23,11,115900000,3620000,30210
1131,2279,3,Leverkusen,D1,2012,2012-11-04,Leverkusen,Fortuna Dusseldorf,3,2,H,32,23,11,115900000,3620000,30210
1132,1871,3,Leverkusen,D1,2012,2012-11-11,Wolfsburg,Leverkusen,3,1,H,32,23,11,115900000,3620000,30210
1133,1895,3,Leverkusen,D1,2012,2012-11-17,Leverkusen,Schalke 04,2,0,H,32,23,11,115900000,3620000,30210
1134,1866,3,Leverkusen,D1,2012,2012-11-25,Hoffenheim,Leverkusen,1,2,A,32,23,11,115900000,3620000,30210
1135,1869,3,Leverkusen,D1,2012,2012-11-28,Werder Bremen,Leverkusen,1,4,A,32,23,11,115900000,3620000,30210
1136,1886,3,Leverkusen,D1,2012,2012-12-01,Leverkusen,Nurnberg,1,0,H,32,23,11,115900000,3620000,30210
1137,1870,3,Leverkusen,D1,2012,2012-12-09,Hannover,Leverkusen,3,2,H,32,23,11,115900000,3620000,30210
1138,1834,3,Leverkusen,D1,2012,2012-12-15,Leverkusen,Hamburg,3,0,H,32,23,11,115900000,3620000,30210
1139,1784,3,Leverkusen,D1,2012,2013-01-19,Leverkusen,Ein Frankfurt,3,1,H,32,23,11,115900000,3620000,30210
1140,1872,3,Leverkusen,D1,2012,2013-01-26,Freiburg,Leverkusen,0,0,D,32,23,11,115900000,3620000,30210
1141,1730,3,Leverkusen,D1,2012,2013-02-03,Leverkusen,Dortmund,2,3,A,32,23,11,115900000,3620000,30210
1142,1857,3,Leverkusen,D1,2012,2013-02-09,M'gladbach,Leverkusen,3,3,D,32,23,11,115900000,3620000,30210
1143,2199,3,Leverkusen,D1,2012,2013-02-16,Leverkusen,Augsburg,2,1,H,32,23,11,115900000,3620000,30210
1144,1867,3,Leverkusen,D1,2012,2013-02-24,Greuther Furth,Leverkusen,0,0,D,32,23,11,115900000,3620000,30210
1145,1910,3,Leverkusen,D1,2012,2013-03-02,Leverkusen,Stuttgart,2,1,H,32,23,11,115900000,3620000,30210
1146,1860,3,Leverkusen,D1,2012,2013-03-09,Mainz,Leverkusen,1,0,H,32,23,11,115900000,3620000,30210
1147,1720,3,Leverkusen,D1,2012,2013-03-16,Leverkusen,Bayern Munich,1,2,A,32,23,11,115900000,3620000,30210
1148,1865,3,Leverkusen,D1,2012,2013-03-30,Fortuna Dusseldorf,Leverkusen,1,4,A,32,23,11,115900000,3620000,30210
1149,2047,3,Leverkusen,D1,2012,2013-04-06,Leverkusen,Wolfsburg,1,1,D,32,23,11,115900000,3620000,30210
1150,1862,3,Leverkusen,D1,2012,2013-04-13,Schalke 04,Leverkusen,2,2,D,32,23,11,115900000,3620000,30210
1151,2225,3,Leverkusen,D1,2012,2013-04-20,Leverkusen,Hoffenheim,5,0,H,32,23,11,115900000,3620000,30210
1152,1940,3,Leverkusen,D1,2012,2013-04-27,Leverkusen,Werder Bremen,1,0,H,32,23,11,115900000,3620000,30210
1153,1864,3,Leverkusen,D1,2012,2013-05-04,Nurnberg,Leverkusen,0,2,A,32,23,11,115900000,3620000,30210
1154,1960,3,Leverkusen,D1,2012,2013-05-11,Leverkusen,Hannover,3,1,H,32,23,11,115900000,3620000,30210
1155,1873,3,Leverkusen,D1,2012,2013-05-18,Hamburg,Leverkusen,0,1,A,32,23,11,115900000,3620000,30210
1156,2414,3,Leverkusen,D1,2013,2013-08-10,Leverkusen,Freiburg,3,1,H,33,24,14,141850000,4300000,30210
1157,2482,3,Leverkusen,D1,2013,2013-08-17,Stuttgart,Leverkusen,0,1,A,33,24,14,141850000,4300000,30210
1158,2678,3,Leverkusen,D1,2013,2013-08-24,Leverkusen,M'gladbach,4,2,H,33,24,14,141850000,4300000,30210
1159,2475,3,Leverkusen,D1,2013,2013-08-31,Schalke 04,Leverkusen,2,0,H,33,24,14,141850000,4300000,30210
1160,2656,3,Leverkusen,D1,2013,2013-09-14,Leverkusen,Wolfsburg,3,1,H,33,24,14,141850000,4300000,30210
1161,2476,3,Leverkusen,D1,2013,2013-09-21,Mainz,Leverkusen,1,4,A,33,24,14,141850000,4300000,30210
1162,2587,3,Leverkusen,D1,2013,2013-09-28,Leverkusen,Hannover,2,0,H,33,24,14,141850000,4300000,30210
1163,2332,3,Leverkusen,D1,2013,2013-10-05,Leverkusen,Bayern Munich,1,1,D,33,24,14,141850000,4300000,30210
1164,2469,3,Leverkusen,D1,2013,2013-10-18,Hoffenheim,Leverkusen,1,2,A,33,24,14,141850000,4300000,30210
1165,2817,3,Leverkusen,D1,2013,2013-10-26,Leverkusen,Augsburg,2,1,H,33,24,14,141850000,4300000,30210
1166,2471,3,Leverkusen,D1,2013,2013-11-02,Braunschweig,Leverkusen,1,0,H,33,24,14,141850000,4300000,30210
1167,2429,3,Leverkusen,D1,2013,2013-11-09,Leverkusen,Hamburg,5,3,H,33,24,14,141850000,4300000,30210
1168,2485,3,Leverkusen,D1,2013,2013-11-23,Hertha,Leverkusen,0,1,A,33,24,14,141850000,4300000,30210
1169,2491,3,Leverkusen,D1,2013,2013-11-30,Leverkusen,Nurnberg,3,0,H,33,24,14,141850000,4300000,30210
1170,2483,3,Leverkusen,D1,2013,2013-12-07,Dortmund,Leverkusen,0,1,A,33,24,14,141850000,4300000,30210
1171,2368,3,Leverkusen,D1,2013,2013-12-15,Leverkusen,Ein Frankfurt,0,1,A,33,24,14,141850000,4300000,30210
1172,2479,3,Leverkusen,D1,2013,2013-12-21,Werder Bremen,Leverkusen,1,0,H,33,24,14,141850000,4300000,30210
1173,2481,3,Leverkusen,D1,2013,2014-01-25,Freiburg,Leverkusen,3,2,H,33,24,14,141850000,4300000,30210
1174,2520,3,Leverkusen,D1,2013,2014-02-01,Leverkusen,Stuttgart,2,1,H,33,24,14,141850000,4300000,30210
1175,2472,3,Leverkusen,D1,2013,2014-02-07,M'gladbach,Leverkusen,0,1,A,33,24,14,141850000,4300000,30210
1176,2516,3,Leverkusen,D1,2013,2014-02-15,Leverkusen,Schalke 04,1,2,A,33,24,14,141850000,4300000,30210
1177,2480,3,Leverkusen,D1,2013,2014-02-22,Wolfsburg,Leverkusen,3,1,H,33,24,14,141850000,4300000,30210
1178,2614,3,Leverkusen,D1,2013,2014-03-01,Leverkusen,Mainz,0,1,A,33,24,14,141850000,4300000,30210
1179,2470,3,Leverkusen,D1,2013,2014-03-08,Hannover,Leverkusen,1,1,D,33,24,14,141850000,4300000,30210
1180,2473,3,Leverkusen,D1,2013,2014-03-15,Bayern Munich,Leverkusen,2,1,H,33,24,14,141850000,4300000,30210
1181,2834,3,Leverkusen,D1,2013,2014-03-23,Leverkusen,Hoffenheim,2,3,A,33,24,14,141850000,4300000,30210
1182,2474,3,Leverkusen,D1,2013,2014-03-26,Augsburg,Leverkusen,1,3,A,33,24,14,141850000,4300000,30210
1183,2761,3,Leverkusen,D1,2013,2014-03-29,Leverkusen,Braunschweig,1,1,D,33,24,14,141850000,4300000,30210
1184,2484,3,Leverkusen,D1,2013,2014-04-04,Hamburg,Leverkusen,2,1,H,33,24,14,141850000,4300000,30210
1185,2588,3,Leverkusen,D1,2013,2014-04-13,Leverkusen,Hertha,2,1,H,33,24,14,141850000,4300000,30210
1186,2477,3,Leverkusen,D1,2013,2014-04-20,Nurnberg,Leverkusen,1,4,A,33,24,14,141850000,4300000,30210
1187,2348,3,Leverkusen,D1,2013,2014-04-26,Leverkusen,Dortmund,2,2,D,33,24,14,141850000,4300000,30210
1188,2478,3,Leverkusen,D1,2013,2014-05-03,Ein Frankfurt,Leverkusen,0,2,A,33,24,14,141850000,4300000,30210
1189,2538,3,Leverkusen,D1,2013,2014-05-10,Leverkusen,Werder Bremen,2,1,H,33,24,14,141850000,4300000,30210
1190,3078,3,Leverkusen,D1,2014,2014-08-23,Dortmund,Leverkusen,0,2,A,26,24,14,166550000,6410000,30210
1191,3188,3,Leverkusen,D1,2014,2014-08-30,Leverkusen,Hertha,4,2,H,26,24,14,166550000,6410000,30210
1192,3137,3,Leverkusen,D1,2014,2014-09-12,Leverkusen,Werder Bremen,3,3,D,26,24,14,166550000,6410000,30210
1193,3074,3,Leverkusen,D1,2014,2014-09-21,Wolfsburg,Leverkusen,4,1,H,26,24,14,166550000,6410000,30210
1194,3382,3,Leverkusen,D1,2014,2014-09-24,Leverkusen,Augsburg,1,0,H,26,24,14,166550000,6410000,30210
1195,3068,3,Leverkusen,D1,2014,2014-09-27,Freiburg,Leverkusen,0,0,D,26,24,14,166550000,6410000,30210
1196,3368,3,Leverkusen,D1,2014,2014-10-04,Leverkusen,Paderborn,2,2,D,26,24,14,166550000,6410000,30210
1197,3069,3,Leverkusen,D1,2014,2014-10-18,Stuttgart,Leverkusen,3,3,D,26,24,14,166550000,6410000,30210
1198,3112,3,Leverkusen,D1,2014,2014-10-25,Leverkusen,Schalke 04,1,0,H,26,24,14,166550000,6410000,30210
1199,3067,3,Leverkusen,D1,2014,2014-11-01,Hamburg,Leverkusen,1,0,H,26,24,14,166550000,6410000,30210
1200,3212,3,Leverkusen,D1,2014,2014-11-08,Leverkusen,Mainz,0,0,D,26,24,14,166550000,6410000,30210
1201,3065,3,Leverkusen,D1,2014,2014-11-22,Hannover,Leverkusen,1,3,A,26,24,14,166550000,6410000,30210
1202,2979,3,Leverkusen,D1,2014,2014-11-29,Leverkusen,FC Koln,5,1,H,26,24,14,166550000,6410000,30210
1203,3072,3,Leverkusen,D1,2014,2014-12-06,Bayern Munich,Leverkusen,1,0,H,26,24,14,166550000,6410000,30210
1204,3274,3,Leverkusen,D1,2014,2014-12-14,Leverkusen,M'gladbach,1,1,D,26,24,14,166550000,6410000,30210
1205,3080,3,Leverkusen,D1,2014,2014-12-17,Hoffenheim,Leverkusen,0,1,A,26,24,14,166550000,6410000,30210
1206,2972,3,Leverkusen,D1,2014,2014-12-20,Leverkusen,Ein Frankfurt,1,1,D,26,24,14,166550000,6410000,30210
1207,2951,3,Leverkusen,D1,2014,2015-01-31,Leverkusen,Dortmund,0,0,D,26,24,14,166550000,6410000,30210
1208,3073,3,Leverkusen,D1,2014,2015-02-04,Hertha,Leverkusen,0,1,A,26,24,14,166550000,6410000,30210
1209,3079,3,Leverkusen,D1,2014,2015-02-08,Werder Bremen,Leverkusen,2,1,H,26,24,14,166550000,6410000,30210
1210,3260,3,Leverkusen,D1,2014,2015-02-14,Leverkusen,Wolfsburg,4,5,A,26,24,14,166550000,6410000,30210
1211,3066,3,Leverkusen,D1,2014,2015-02-21,Augsburg,Leverkusen,2,2,D,26,24,14,166550000,6410000,30210
1212,3002,3,Leverkusen,D1,2014,2015-02-28,Leverkusen,Freiburg,1,0,H,26,24,14,166550000,6410000,30210
1213,3070,3,Leverkusen,D1,2014,2015-03-08,Paderborn,Leverkusen,0,3,A,26,24,14,166550000,6410000,30210
1214,3117,3,Leverkusen,D1,2014,2015-03-13,Leverkusen,Stuttgart,4,0,H,26,24,14,166550000,6410000,30210
1215,3077,3,Leverkusen,D1,2014,2015-03-21,Schalke 04,Leverkusen,0,1,A,26,24,14,166550000,6410000,30210
1216,3029,3,Leverkusen,D1,2014,2015-04-04,Leverkusen,Hamburg,4,0,H,26,24,14,166550000,6410000,30210
1217,3075,3,Leverkusen,D1,2014,2015-04-11,Mainz,Leverkusen,2,3,A,26,24,14,166550000,6410000,30210
1218,3179,3,Leverkusen,D1,2014,2015-04-18,Leverkusen,Hannover,4,0,H,26,24,14,166550000,6410000,30210
1219,3071,3,Leverkusen,D1,2014,2015-04-25,FC Koln,Leverkusen,1,1,D,26,24,14,166550000,6410000,30210
1220,2932,3,Leverkusen,D1,2014,2015-05-02,Leverkusen,Bayern Munich,2,0,H,26,24,14,166550000,6410000,30210
1221,3076,3,Leverkusen,D1,2014,2015-05-09,M'gladbach,Leverkusen,3,0,H,26,24,14,166550000,6410000,30210
1222,3391,3,Leverkusen,D1,2014,2015-05-16,Leverkusen,Hoffenheim,2,0,H,26,24,14,166550000,6410000,30210
1223,3064,3,Leverkusen,D1,2014,2015-05-23,Ein Frankfurt,Leverkusen,2,1,H,26,24,14,166550000,6410000,30210
1224,4023,3,Leverkusen,D1,2015,2015-08-15,Leverkusen,Hoffenheim,2,1,H,33,23,20,200750000,6080000,30210
1225,3693,3,Leverkusen,D1,2015,2015-08-22,Hannover,Leverkusen,0,1,A,33,23,20,200750000,6080000,30210
1226,3708,3,Leverkusen,D1,2015,2015-08-29,Bayern Munich,Leverkusen,3,0,H,33,23,20,200750000,6080000,30210
1227,4110,3,Leverkusen,D1,2015,2015-09-12,Leverkusen,Darmstadt,0,1,A,33,23,20,200750000,6080000,30210
1228,3699,3,Leverkusen,D1,2015,2015-09-20,Dortmund,Leverkusen,3,0,H,33,23,20,200750000,6080000,30210
1229,3830,3,Leverkusen,D1,2015,2015-09-23,Leverkusen,Mainz,1,0,H,33,23,20,200750000,6080000,30210
1230,3704,3,Leverkusen,D1,2015,2015-09-26,Werder Bremen,Leverkusen,0,3,A,33,23,20,200750000,6080000,30210
1231,4008,3,Leverkusen,D1,2015,2015-10-04,Leverkusen,Augsburg,1,1,D,33,23,20,200750000,6080000,30210
1232,3705,3,Leverkusen,D1,2015,2015-10-17,Hamburg,Leverkusen,0,0,D,33,23,20,200750000,6080000,30210
1233,3756,3,Leverkusen,D1,2015,2015-10-24,Leverkusen,Stuttgart,4,3,H,33,23,20,200750000,6080000,30210
1234,3694,3,Leverkusen,D1,2015,2015-10-31,Wolfsburg,Leverkusen,2,1,H,33,23,20,200750000,6080000,30210
1235,3616,3,Leverkusen,D1,2015,2015-11-07,Leverkusen,FC Koln,1,2,A,33,23,20,200750000,6080000,30210
1236,3697,3,Leverkusen,D1,2015,2015-11-21,Ein Frankfurt,Leverkusen,1,3,A,33,23,20,200750000,6080000,30210
1237,3740,3,Leverkusen,D1,2015,2015-11-29,Leverkusen,Schalke 04,1,1,D,33,23,20,200750000,6080000,30210
1238,3702,3,Leverkusen,D1,2015,2015-12-05,Hertha,Leverkusen,2,1,H,33,23,20,200750000,6080000,30210
1239,3904,3,Leverkusen,D1,2015,2015-12-12,Leverkusen,M'gladbach,5,0,H,33,23,20,200750000,6080000,30210
1240,3709,3,Leverkusen,D1,2015,2015-12-19,Ingolstadt,Leverkusen,0,1,A,33,23,20,200750000,6080000,30210
1241,3695,3,Leverkusen,D1,2015,2016-01-23,Hoffenheim,Leverkusen,1,1,D,33,23,20,200750000,6080000,30210
1242,3807,3,Leverkusen,D1,2015,2016-01-30,Leverkusen,Hannover,3,0,H,33,23,20,200750000,6080000,30210
1243,3548,3,Leverkusen,D1,2015,2016-02-06,Leverkusen,Bayern Munich,0,0,D,33,23,20,200750000,6080000,30210
1244,3703,3,Leverkusen,D1,2015,2016-02-13,Darmstadt,Leverkusen,1,2,A,33,23,20,200750000,6080000,30210
1245,3570,3,Leverkusen,D1,2015,2016-02-21,Leverkusen,Dortmund,0,1,A,33,23,20,200750000,6080000,30210
1246,3696,3,Leverkusen,D1,2015,2016-02-28,Mainz,Leverkusen,3,1,H,33,23,20,200750000,6080000,30210
1247,3761,3,Leverkusen,D1,2015,2016-03-02,Leverkusen,Werder Bremen,1,4,A,33,23,20,200750000,6080000,30210
1248,3700,3,Leverkusen,D1,2015,2016-03-05,Augsburg,Leverkusen,3,3,D,33,23,20,200750000,6080000,30210
1249,3652,3,Leverkusen,D1,2015,2016-03-13,Leverkusen,Hamburg,1,0,H,33,23,20,200750000,6080000,30210
1250,3701,3,Leverkusen,D1,2015,2016-03-20,Stuttgart,Leverkusen,0,2,A,33,23,20,200750000,6080000,30210
1251,3884,3,Leverkusen,D1,2015,2016-04-01,Leverkusen,Wolfsburg,3,0,H,33,23,20,200750000,6080000,30210
1252,3698,3,Leverkusen,D1,2015,2016-04-10,FC Koln,Leverkusen,0,2,A,33,23,20,200750000,6080000,30210
1253,3595,3,Leverkusen,D1,2015,2016-04-16,Leverkusen,Ein Frankfurt,3,0,H,33,23,20,200750000,6080000,30210
1254,3706,3,Leverkusen,D1,2015,2016-04-23,Schalke 04,Leverkusen,2,3,A,33,23,20,200750000,6080000,30210
1255,3820,3,Leverkusen,D1,2015,2016-04-30,Leverkusen,Hertha,2,1,H,33,23,20,200750000,6080000,30210
1256,3707,3,Leverkusen,D1,2015,2016-05-07,M'gladbach,Leverkusen,2,1,H,33,23,20,200750000,6080000,30210
1257,4058,3,Leverkusen,D1,2015,2016-05-14,Leverkusen,Ingolstadt,3,2,H,33,23,20,200750000,6080000,30210
1258,4314,3,Leverkusen,D1,2016,2016-08-27,M'gladbach,Leverkusen,2,1,H,39,23,21,244580000,6270000,30210
1259,4264,3,Leverkusen,D1,2016,2016-09-10,Leverkusen,Hamburg,3,1,H,39,23,21,244580000,6270000,30210
1260,4318,3,Leverkusen,D1,2016,2016-09-17,Ein Frankfurt,Leverkusen,2,1,H,39,23,21,244580000,6270000,30210
1261,4623,3,Leverkusen,D1,2016,2016-09-21,Leverkusen,Augsburg,0,0,D,39,23,21,244580000,6270000,30210
1262,4320,3,Leverkusen,D1,2016,2016-09-24,Mainz,Leverkusen,2,3,A,39,23,21,244580000,6270000,30210
1263,4169,3,Leverkusen,D1,2016,2016-10-01,Leverkusen,Dortmund,2,0,H,39,23,21,244580000,6270000,30210
1264,4309,3,Leverkusen,D1,2016,2016-10-15,Werder Bremen,Leverkusen,2,1,H,39,23,21,244580000,6270000,30210
1265,4629,3,Leverkusen,D1,2016,2016-10-22,Leverkusen,Hoffenheim,0,3,A,39,23,21,244580000,6270000,30210
1266,4313,3,Leverkusen,D1,2016,2016-10-29,Wolfsburg,Leverkusen,1,2,A,39,23,21,244580000,6270000,30210
1267,4698,3,Leverkusen,D1,2016,2016-11-05,Leverkusen,Darmstadt,3,2,H,39,23,21,244580000,6270000,30210
1268,4731,3,Leverkusen,D1,2016,2016-11-18,Leverkusen,RB Leipzig,2,3,A,39,23,21,244580000,6270000,30210
1269,4315,3,Leverkusen,D1,2016,2016-11-26,Bayern Munich,Leverkusen,2,1,H,39,23,21,244580000,6270000,30210
1270,4241,3,Leverkusen,D1,2016,2016-12-03,Leverkusen,Freiburg,1,1,D,39,23,21,244580000,6270000,30210
1271,4306,3,Leverkusen,D1,2016,2016-12-11,Schalke 04,Leverkusen,0,1,A,39,23,21,244580000,6270000,30210
1272,4658,3,Leverkusen,D1,2016,2016-12-18,Leverkusen,Ingolstadt,1,2,A,39,23,21,244580000,6270000,30210
1273,4308,3,Leverkusen,D1,2016,2016-12-21,FC Koln,Leverkusen,1,1,D,39,23,21,244580000,6270000,30210
1274,4431,3,Leverkusen,D1,2016,2017-01-22,Leverkusen,Hertha,3,1,H,39,23,21,244580000,6270000,30210
1275,4511,3,Leverkusen,D1,2016,2017-01-28,Leverkusen,M'gladbach,2,3,A,39,23,21,244580000,6270000,30210
1276,4312,3,Leverkusen,D1,2016,2017-02-03,Hamburg,Leverkusen,1,0,H,39,23,21,244580000,6270000,30210
1277,4211,3,Leverkusen,D1,2016,2017-02-11,Leverkusen,Ein Frankfurt,3,0,H,39,23,21,244580000,6270000,30210
1278,4321,3,Leverkusen,D1,2016,2017-02-17,Augsburg,Leverkusen,1,3,A,39,23,21,244580000,6270000,30210
1279,4453,3,Leverkusen,D1,2016,2017-02-25,Leverkusen,Mainz,0,2,A,39,23,21,244580000,6270000,30210
1280,4310,3,Leverkusen,D1,2016,2017-03-04,Dortmund,Leverkusen,6,2,H,39,23,21,244580000,6270000,30210
1281,4374,3,Leverkusen,D1,2016,2017-03-10,Leverkusen,Werder Bremen,1,1,D,39,23,21,244580000,6270000,30210
1282,4311,3,Leverkusen,D1,2016,2017-03-18,Hoffenheim,Leverkusen,1,0,H,39,23,21,244580000,6270000,30210
1283,4508,3,Leverkusen,D1,2016,2017-04-02,Leverkusen,Wolfsburg,3,3,D,39,23,21,244580000,6270000,30210
1284,4317,3,Leverkusen,D1,2016,2017-04-05,Darmstadt,Leverkusen,0,2,A,39,23,21,244580000,6270000,30210
1285,4307,3,Leverkusen,D1,2016,2017-04-08,RB Leipzig,Leverkusen,1,0,H,39,23,21,244580000,6270000,30210
1286,4162,3,Leverkusen,D1,2016,2017-04-15,Leverkusen,Bayern Munich,0,0,D,39,23,21,244580000,6270000,30210
1287,4305,3,Leverkusen,D1,2016,2017-04-23,Freiburg,Leverkusen,2,1,H,39,23,21,244580000,6270000,30210
1288,4355,3,Leverkusen,D1,2016,2017-04-28,Leverkusen,Schalke 04,1,4,A,39,23,21,244580000,6270000,30210
1289,4319,3,Leverkusen,D1,2016,2017-05-06,Ingolstadt,Leverkusen,1,1,D,39,23,21,244580000,6270000,30210
1290,4229,3,Leverkusen,D1,2016,2017-05-13,Leverkusen,FC Koln,2,2,D,39,23,21,244580000,6270000,30210
1291,4316,3,Leverkusen,D1,2016,2017-05-20,Hertha,Leverkusen,2,6,A,39,23,21,244580000,6270000,30210
1292,4917,3,Leverkusen,D1,2017,2017-08-18,Bayern Munich,Leverkusen,-1,-1,H,31,24,15,222600000,7180000,30210
1293,5256,3,Leverkusen,D1,2017,2017-08-27,Leverkusen,Hoffenheim,-1,-1,H,31,24,15,222600000,7180000,30210
1294,4931,3,Leverkusen,D1,2017,2017-09-10,Mainz,Leverkusen,-1,-1,H,31,24,15,222600000,7180000,30210
1295,4866,3,Leverkusen,D1,2017,2017-09-17,Leverkusen,Freiburg,-1,-1,H,31,24,15,222600000,7180000,30210
1296,4926,3,Leverkusen,D1,2017,2017-09-20,Hertha,Leverkusen,-1,-1,H,31,24,15,222600000,7180000,30210
1297,4898,3,Leverkusen,D1,2017,2017-09-24,Leverkusen,Hamburg,-1,-1,H,31,24,15,222600000,7180000,30210
1298,4925,3,Leverkusen,D1,2017,2017-10-01,Schalke 04,Leverkusen,-1,-1,H,31,24,15,222600000,7180000,30210
1299,5091,3,Leverkusen,D1,2017,2017-10-15,Leverkusen,Wolfsburg,-1,-1,H,31,24,15,222600000,7180000,30210
1300,4920,3,Leverkusen,D1,2017,2017-10-22,M'gladbach,Leverkusen,-1,-1,H,31,24,15,222600000,7180000,30210
1301,4865,3,Leverkusen,D1,2017,2017-10-29,Leverkusen,FC Koln,-1,-1,H,31,24,15,222600000,7180000,30210
1302,4929,3,Leverkusen,D1,2017,2017-11-05,Augsburg,Leverkusen,-1,-1,H,31,24,15,222600000,7180000,30210
1303,5353,3,Leverkusen,D1,2017,2017-11-19,Leverkusen,RB Leipzig,-1,-1,H,31,24,15,222600000,7180000,30210
1304,4932,3,Leverkusen,D1,2017,2017-11-27,Ein Frankfurt,Leverkusen,-1,-1,H,31,24,15,222600000,7180000,30210
1305,4791,3,Leverkusen,D1,2017,2017-12-03,Leverkusen,Dortmund,-1,-1,H,31,24,15,222600000,7180000,30210
1306,4927,3,Leverkusen,D1,2017,2017-12-10,Stuttgart,Leverkusen,-1,-1,H,31,24,15,222600000,7180000,30210
1307,4992,3,Leverkusen,D1,2017,2017-12-13,Leverkusen,Werder Bremen,-1,-1,H,31,24,15,222600000,7180000,30210
1308,4918,3,Leverkusen,D1,2017,2017-12-17,Hannover,Leverkusen,-1,-1,H,31,24,15,222600000,7180000,30210
1309,4764,3,Leverkusen,D1,2017,2018-01-15,Leverkusen,Bayern Munich,-1,-1,H,31,24,15,222600000,7180000,30210
1310,4921,3,Leverkusen,D1,2017,2018-01-22,Hoffenheim,Leverkusen,-1,-1,H,31,24,15,222600000,7180000,30210
1311,5061,3,Leverkusen,D1,2017,2018-01-29,Leverkusen,Mainz,-1,-1,H,31,24,15,222600000,7180000,30210
1312,4933,3,Leverkusen,D1,2017,2018-02-05,Freiburg,Leverkusen,-1,-1,H,31,24,15,222600000,7180000,30210
1313,5047,3,Leverkusen,D1,2017,2018-02-12,Leverkusen,Hertha,-1,-1,H,31,24,15,222600000,7180000,30210
1314,4923,3,Leverkusen,D1,2017,2018-02-19,Hamburg,Leverkusen,-1,-1,H,31,24,15,222600000,7180000,30210
1315,4967,3,Leverkusen,D1,2017,2018-02-26,Leverkusen,Schalke 04,-1,-1,H,31,24,15,222600000,7180000,30210
1316,4919,3,Leverkusen,D1,2017,2018-03-05,Wolfsburg,Leverkusen,-1,-1,H,31,24,15,222600000,7180000,30210
1317,5109,3,Leverkusen,D1,2017,2018-03-12,Leverkusen,M'gladbach,-1,-1,H,31,24,15,222600000,7180000,30210
1318,4928,3,Leverkusen,D1,2017,2018-03-18,FC Koln,Leverkusen,-1,-1,H,31,24,15,222600000,7180000,30210
1319,5232,3,Leverkusen,D1,2017,2018-04-02,Leverkusen,Augsburg,-1,-1,H,31,24,15,222600000,7180000,30210
1320,4922,3,Leverkusen,D1,2017,2018-04-09,RB Leipzig,Leverkusen,-1,-1,H,31,24,15,222600000,7180000,30210
1321,4845,3,Leverkusen,D1,2017,2018-04-16,Leverkusen,Ein Frankfurt,-1,-1,H,31,24,15,222600000,7180000,30210
1322,4924,3,Leverkusen,D1,2017,2018-04-23,Dortmund,Leverkusen,-1,-1,H,31,24,15,222600000,7180000,30210
1323,4976,3,Leverkusen,D1,2017,2018-04-30,Leverkusen,Stuttgart,-1,-1,H,31,24,15,222600000,7180000,30210
1324,4930,3,Leverkusen,D1,2017,2018-05-05,Werder Bremen,Leverkusen,-1,-1,H,31,24,15,222600000,7180000,30210
1325,5025,3,Leverkusen,D1,2017,2018-05-12,Leverkusen,Hannover,-1,-1,H,31,24,15,222600000,7180000,30210
1326,3456,4,RB Leipzig,D2,2014,2014-08-02,RB Leipzig,Aalen,0,0,D,35,23,14,23300000,666000,47728
1327,3530,4,RB Leipzig,D2,2014,2014-08-10,Munich 1860,RB Leipzig,0,3,A,35,23,14,23300000,666000,47728
1328,3345,4,RB Leipzig,D2,2014,2014-08-22,RB Leipzig,Erzgebirge Aue,1,0,H,35,23,14,23300000,666000,47728
1329,3532,4,RB Leipzig,D2,2014,2014-08-29,Frankfurt FSV,RB Leipzig,0,0,D,35,23,14,23300000,666000,47728
1330,3331,4,RB Leipzig,D2,2014,2014-09-13,RB Leipzig,Braunschweig,3,1,H,35,23,14,23300000,666000,47728
1331,3524,4,RB Leipzig,D2,2014,2014-09-21,Union Berlin,RB Leipzig,2,1,H,35,23,14,23300000,666000,47728
1332,3053,4,RB Leipzig,D2,2014,2014-09-24,RB Leipzig,Karlsruhe,3,1,H,35,23,14,23300000,666000,47728
1333,3529,4,RB Leipzig,D2,2014,2014-09-28,Fortuna Dusseldorf,RB Leipzig,2,2,D,35,23,14,23300000,666000,47728
1334,3518,4,RB Leipzig,D2,2014,2014-10-06,RB Leipzig,Heidenheim,1,1,D,35,23,14,23300000,666000,47728
1335,3539,4,RB Leipzig,D2,2014,2014-10-17,Nurnberg,RB Leipzig,1,0,H,35,23,14,23300000,666000,47728
1336,3161,4,RB Leipzig,D2,2014,2014-10-24,RB Leipzig,Bochum,2,0,H,35,23,14,23300000,666000,47728
1337,3043,4,RB Leipzig,D2,2014,2014-11-03,RB Leipzig,Kaiserslautern,0,0,D,35,23,14,23300000,666000,47728
1338,3525,4,RB Leipzig,D2,2014,2014-11-08,Darmstadt,RB Leipzig,1,0,H,35,23,14,23300000,666000,47728
1339,3248,4,RB Leipzig,D2,2014,2014-11-23,RB Leipzig,St Pauli,4,1,H,35,23,14,23300000,666000,47728
1340,3534,4,RB Leipzig,D2,2014,2014-11-30,Sandhausen,RB Leipzig,0,0,D,35,23,14,23300000,666000,47728
1341,3423,4,RB Leipzig,D2,2014,2014-12-07,RB Leipzig,Ingolstadt,0,1,A,35,23,14,23300000,666000,47728
1342,3538,4,RB Leipzig,D2,2014,2014-12-12,Greuther Furth,RB Leipzig,0,1,A,35,23,14,23300000,666000,47728
1343,3533,4,RB Leipzig,D2,2014,2014-12-17,Aalen,RB Leipzig,0,0,D,35,23,14,23300000,666000,47728
1344,3226,4,RB Leipzig,D2,2014,2014-12-22,RB Leipzig,Munich 1860,1,1,D,35,23,14,23300000,666000,47728
1345,3537,4,RB Leipzig,D2,2014,2015-02-06,Erzgebirge Aue,RB Leipzig,2,0,H,35,23,14,23300000,666000,47728
1346,3418,4,RB Leipzig,D2,2014,2015-02-15,RB Leipzig,Frankfurt FSV,0,1,A,35,23,14,23300000,666000,47728
1347,3528,4,RB Leipzig,D2,2014,2015-02-23,Braunschweig,RB Leipzig,1,1,D,35,23,14,23300000,666000,47728
1348,3312,4,RB Leipzig,D2,2014,2015-03-01,RB Leipzig,Union Berlin,3,2,H,35,23,14,23300000,666000,47728
1349,3536,4,RB Leipzig,D2,2014,2015-03-09,Karlsruhe,RB Leipzig,0,0,D,35,23,14,23300000,666000,47728
1350,3438,4,RB Leipzig,D2,2014,2015-03-16,RB Leipzig,Fortuna Dusseldorf,3,1,H,35,23,14,23300000,666000,47728
1351,3526,4,RB Leipzig,D2,2014,2015-03-22,Heidenheim,RB Leipzig,1,0,H,35,23,14,23300000,666000,47728
1352,3089,4,RB Leipzig,D2,2014,2015-04-05,RB Leipzig,Nurnberg,2,1,H,35,23,14,23300000,666000,47728
1353,3523,4,RB Leipzig,D2,2014,2015-04-12,Bochum,RB Leipzig,1,2,A,35,23,14,23300000,666000,47728
1354,3531,4,RB Leipzig,D2,2014,2015-04-20,Kaiserslautern,RB Leipzig,1,1,D,35,23,14,23300000,666000,47728
1355,3492,4,RB Leipzig,D2,2014,2015-04-24,RB Leipzig,Darmstadt,2,1,H,35,23,14,23300000,666000,47728
1356,3535,4,RB Leipzig,D2,2014,2015-05-03,St Pauli,RB Leipzig,1,0,H,35,23,14,23300000,666000,47728
1357,3473,4,RB Leipzig,D2,2014,2015-05-08,RB Leipzig,Sandhausen,0,4,A,35,23,14,23300000,666000,47728
1358,3527,4,RB Leipzig,D2,2014,2015-05-17,Ingolstadt,RB Leipzig,2,1,H,35,23,14,23300000,666000,47728
1359,3289,4,RB Leipzig,D2,2014,2015-05-24,RB Leipzig,Greuther Furth,2,0,H,35,23,14,23300000,666000,47728
1360,4144,4,RB Leipzig,D2,2015,2015-07-25,Frankfurt FSV,RB Leipzig,0,1,A,31,22,12,35300000,1140000,47728
1361,3944,4,RB Leipzig,D2,2015,2015-08-03,RB Leipzig,Greuther Furth,2,2,D,31,22,12,35300000,1140000,47728
1362,4143,4,RB Leipzig,D2,2015,2015-08-15,Braunschweig,RB Leipzig,0,2,A,31,22,12,35300000,1140000,47728
1363,3877,4,RB Leipzig,D2,2015,2015-08-23,RB Leipzig,St Pauli,0,1,A,31,22,12,35300000,1140000,47728
1364,4146,4,RB Leipzig,D2,2015,2015-08-28,Union Berlin,RB Leipzig,1,1,D,31,22,12,35300000,1140000,47728
1365,3982,4,RB Leipzig,D2,2015,2015-09-11,RB Leipzig,Paderborn,2,0,H,31,22,12,35300000,1140000,47728
1366,4149,4,RB Leipzig,D2,2015,2015-09-18,Heidenheim,RB Leipzig,1,1,D,31,22,12,35300000,1140000,47728
1367,3629,4,RB Leipzig,D2,2015,2015-09-24,RB Leipzig,Freiburg,1,1,D,31,22,12,35300000,1140000,47728
1368,4141,4,RB Leipzig,D2,2015,2015-09-27,Munich 1860,RB Leipzig,2,2,D,31,22,12,35300000,1140000,47728
1369,3717,4,RB Leipzig,D2,2015,2015-10-04,RB Leipzig,Nurnberg,3,2,H,31,22,12,35300000,1140000,47728
1370,4142,4,RB Leipzig,D2,2015,2015-10-18,Bochum,RB Leipzig,0,1,A,31,22,12,35300000,1140000,47728
1371,4067,4,RB Leipzig,D2,2015,2015-10-23,RB Leipzig,Fortuna Dusseldorf,2,1,H,31,22,12,35300000,1140000,47728
1372,4135,4,RB Leipzig,D2,2015,2015-11-01,Sandhausen,RB Leipzig,1,2,A,31,22,12,35300000,1140000,47728
1373,3669,4,RB Leipzig,D2,2015,2015-11-08,RB Leipzig,Kaiserslautern,0,2,A,31,22,12,35300000,1140000,47728
1374,4150,4,RB Leipzig,D2,2015,2015-11-21,Bielefeld,RB Leipzig,0,1,A,31,22,12,35300000,1140000,47728
1375,4145,4,RB Leipzig,D2,2015,2015-11-30,Karlsruhe,RB Leipzig,0,1,A,31,22,12,35300000,1140000,47728
1376,3579,4,RB Leipzig,D2,2015,2015-12-06,RB Leipzig,Duisburg,4,2,H,31,22,12,35300000,1140000,47728
1377,4048,4,RB Leipzig,D2,2015,2015-12-13,RB Leipzig,Frankfurt FSV,3,1,H,31,22,12,35300000,1140000,47728
1378,4138,4,RB Leipzig,D2,2015,2015-12-19,Greuther Furth,RB Leipzig,1,2,A,31,22,12,35300000,1140000,47728
1379,3981,4,RB Leipzig,D2,2015,2016-02-07,RB Leipzig,Braunschweig,2,0,H,31,22,12,35300000,1140000,47728
1380,4136,4,RB Leipzig,D2,2015,2016-02-12,St Pauli,RB Leipzig,1,0,H,31,22,12,35300000,1140000,47728
1381,3958,4,RB Leipzig,D2,2015,2016-02-19,RB Leipzig,Union Berlin,3,0,H,31,22,12,35300000,1140000,47728
1382,4148,4,RB Leipzig,D2,2015,2016-02-26,Paderborn,RB Leipzig,0,1,A,31,22,12,35300000,1140000,47728
1383,4134,4,RB Leipzig,D2,2015,2016-03-02,RB Leipzig,Heidenheim,3,1,H,31,22,12,35300000,1140000,47728
1384,4139,4,RB Leipzig,D2,2015,2016-03-07,Freiburg,RB Leipzig,2,1,H,31,22,12,35300000,1140000,47728
1385,3853,4,RB Leipzig,D2,2015,2016-03-13,RB Leipzig,Munich 1860,2,1,H,31,22,12,35300000,1140000,47728
1386,4137,4,RB Leipzig,D2,2015,2016-03-20,Nurnberg,RB Leipzig,3,1,H,31,22,12,35300000,1140000,47728
1387,3781,4,RB Leipzig,D2,2015,2016-04-02,RB Leipzig,Bochum,3,1,H,31,22,12,35300000,1140000,47728
1388,4147,4,RB Leipzig,D2,2015,2016-04-11,Fortuna Dusseldorf,RB Leipzig,1,3,A,31,22,12,35300000,1140000,47728
1389,4095,4,RB Leipzig,D2,2015,2016-04-15,RB Leipzig,Sandhausen,0,1,A,31,22,12,35300000,1140000,47728
1390,4140,4,RB Leipzig,D2,2015,2016-04-25,Kaiserslautern,RB Leipzig,1,1,D,31,22,12,35300000,1140000,47728
1391,3923,4,RB Leipzig,D2,2015,2016-04-29,RB Leipzig,Bielefeld,1,1,D,31,22,12,35300000,1140000,47728
1392,3686,4,RB Leipzig,D2,2015,2016-05-08,RB Leipzig,Karlsruhe,2,0,H,31,22,12,35300000,1140000,47728
1393,4151,4,RB Leipzig,D2,2015,2016-05-15,Duisburg,RB Leipzig,1,0,H,31,22,12,35300000,1140000,47728
1394,4732,4,RB Leipzig,D1,2016,2016-08-28,Hoffenheim,RB Leipzig,2,2,D,33,23,15,69180000,2100000,42959
1395,4170,4,RB Leipzig,D1,2016,2016-09-10,RB Leipzig,Dortmund,1,0,H,33,23,15,69180000,2100000,42959
1396,4745,4,RB Leipzig,D1,2016,2016-09-17,Hamburg,RB Leipzig,0,4,A,33,23,15,69180000,2100000,42959
1397,4521,4,RB Leipzig,D1,2016,2016-09-21,RB Leipzig,M'gladbach,1,1,D,33,23,15,69180000,2100000,42959
1398,4742,4,RB Leipzig,D1,2016,2016-09-25,FC Koln,RB Leipzig,1,1,D,33,23,15,69180000,2100000,42959
1399,4618,4,RB Leipzig,D1,2016,2016-09-30,RB Leipzig,Augsburg,2,1,H,33,23,15,69180000,2100000,42959
1400,4735,4,RB Leipzig,D1,2016,2016-10-16,Wolfsburg,RB Leipzig,0,1,A,33,23,15,69180000,2100000,42959
1401,4376,4,RB Leipzig,D1,2016,2016-10-23,RB Leipzig,Werder Bremen,3,1,H,33,23,15,69180000,2100000,42959
1402,4734,4,RB Leipzig,D1,2016,2016-10-29,Darmstadt,RB Leipzig,0,2,A,33,23,15,69180000,2100000,42959
1403,4445,4,RB Leipzig,D1,2016,2016-11-06,RB Leipzig,Mainz,3,1,H,33,23,15,69180000,2100000,42959
1404,4731,4,RB Leipzig,D1,2016,2016-11-18,Leverkusen,RB Leipzig,2,3,A,33,23,15,69180000,2100000,42959
1405,4730,4,RB Leipzig,D1,2016,2016-11-25,Freiburg,RB Leipzig,1,4,A,33,23,15,69180000,2100000,42959
1406,4339,4,RB Leipzig,D1,2016,2016-12-03,RB Leipzig,Schalke 04,2,1,H,33,23,15,69180000,2100000,42959
1407,4743,4,RB Leipzig,D1,2016,2016-12-10,Ingolstadt,RB Leipzig,1,0,H,33,23,15,69180000,2100000,42959
1408,4433,4,RB Leipzig,D1,2016,2016-12-17,RB Leipzig,Hertha,2,0,H,33,23,15,69180000,2100000,42959
1409,4738,4,RB Leipzig,D1,2016,2016-12-21,Bayern Munich,RB Leipzig,3,0,H,33,23,15,69180000,2100000,42959
1410,4207,4,RB Leipzig,D1,2016,2017-01-21,RB Leipzig,Ein Frankfurt,3,0,H,33,23,15,69180000,2100000,42959
1411,4632,4,RB Leipzig,D1,2016,2017-01-28,RB Leipzig,Hoffenheim,2,1,H,33,23,15,69180000,2100000,42959
1412,4744,4,RB Leipzig,D1,2016,2017-02-04,Dortmund,RB Leipzig,1,0,H,33,23,15,69180000,2100000,42959
1413,4255,4,RB Leipzig,D1,2016,2017-02-11,RB Leipzig,Hamburg,0,3,A,33,23,15,69180000,2100000,42959
1414,4739,4,RB Leipzig,D1,2016,2017-02-19,M'gladbach,RB Leipzig,1,2,A,33,23,15,69180000,2100000,42959
1415,4236,4,RB Leipzig,D1,2016,2017-02-25,RB Leipzig,FC Koln,3,1,H,33,23,15,69180000,2100000,42959
1416,4737,4,RB Leipzig,D1,2016,2017-03-03,Augsburg,RB Leipzig,2,2,D,33,23,15,69180000,2100000,42959
1417,4507,4,RB Leipzig,D1,2016,2017-03-11,RB Leipzig,Wolfsburg,0,1,A,33,23,15,69180000,2100000,42959
1418,4741,4,RB Leipzig,D1,2016,2017-03-18,Werder Bremen,RB Leipzig,3,0,H,33,23,15,69180000,2100000,42959
1419,4707,4,RB Leipzig,D1,2016,2017-04-01,RB Leipzig,Darmstadt,4,0,H,33,23,15,69180000,2100000,42959
1420,4740,4,RB Leipzig,D1,2016,2017-04-05,Mainz,RB Leipzig,2,3,A,33,23,15,69180000,2100000,42959
1421,4307,4,RB Leipzig,D1,2016,2017-04-08,RB Leipzig,Leverkusen,1,0,H,33,23,15,69180000,2100000,42959
1422,4247,4,RB Leipzig,D1,2016,2017-04-15,RB Leipzig,Freiburg,4,0,H,33,23,15,69180000,2100000,42959
1423,4736,4,RB Leipzig,D1,2016,2017-04-23,Schalke 04,RB Leipzig,1,1,D,33,23,15,69180000,2100000,42959
1424,4660,4,RB Leipzig,D1,2016,2017-04-29,RB Leipzig,Ingolstadt,0,0,D,33,23,15,69180000,2100000,42959
1425,4733,4,RB Leipzig,D1,2016,2017-05-06,Hertha,RB Leipzig,1,4,A,33,23,15,69180000,2100000,42959
1426,4163,4,RB Leipzig,D1,2016,2017-05-13,RB Leipzig,Bayern Munich,4,5,A,33,23,15,69180000,2100000,42959
1427,4746,4,RB Leipzig,D1,2016,2017-05-20,Ein Frankfurt,RB Leipzig,2,2,D,33,23,15,69180000,2100000,42959
1428,5346,4,RB Leipzig,D1,2017,2017-08-20,Schalke 04,RB Leipzig,-1,-1,H,30,23,15,180130000,6000000,42959
1429,4879,4,RB Leipzig,D1,2017,2017-08-27,RB Leipzig,Freiburg,-1,-1,H,30,23,15,180130000,6000000,42959
1430,5355,4,RB Leipzig,D1,2017,2017-09-10,Hamburg,RB Leipzig,-1,-1,H,30,23,15,180130000,6000000,42959
1431,5111,4,RB Leipzig,D1,2017,2017-09-17,RB Leipzig,M'gladbach,-1,-1,H,30,23,15,180130000,6000000,42959
1432,5351,4,RB Leipzig,D1,2017,2017-09-20,Augsburg,RB Leipzig,-1,-1,H,30,23,15,180130000,6000000,42959
1433,4843,4,RB Leipzig,D1,2017,2017-09-24,RB Leipzig,Ein Frankfurt,-1,-1,H,30,23,15,180130000,6000000,42959
1434,5345,4,RB Leipzig,D1,2017,2017-10-01,FC Koln,RB Leipzig,-1,-1,H,30,23,15,180130000,6000000,42959
1435,5358,4,RB Leipzig,D1,2017,2017-10-15,Dortmund,RB Leipzig,-1,-1,H,30,23,15,180130000,6000000,42959
1436,4970,4,RB Leipzig,D1,2017,2017-10-22,RB Leipzig,Stuttgart,-1,-1,H,30,23,15,180130000,6000000,42959
1437,5356,4,RB Leipzig,D1,2017,2017-10-29,Bayern Munich,RB Leipzig,-1,-1,H,30,23,15,180130000,6000000,42959
1438,5034,4,RB Leipzig,D1,2017,2017-11-05,RB Leipzig,Hannover,-1,-1,H,30,23,15,180130000,6000000,42959
1439,5353,4,RB Leipzig,D1,2017,2017-11-19,Leverkusen,RB Leipzig,-1,-1,H,30,23,15,180130000,6000000,42959
1440,4991,4,RB Leipzig,D1,2017,2017-11-27,RB Leipzig,Werder Bremen,-1,-1,H,30,23,15,180130000,6000000,42959
1441,5357,4,RB Leipzig,D1,2017,2017-12-03,Hoffenheim,RB Leipzig,-1,-1,H,30,23,15,180130000,6000000,42959
1442,5065,4,RB Leipzig,D1,2017,2017-12-10,RB Leipzig,Mainz,-1,-1,H,30,23,15,180130000,6000000,42959
1443,5349,4,RB Leipzig,D1,2017,2017-12-13,Wolfsburg,RB Leipzig,-1,-1,H,30,23,15,180130000,6000000,42959
1444,5049,4,RB Leipzig,D1,2017,2017-12-17,RB Leipzig,Hertha,-1,-1,H,30,23,15,180130000,6000000,42959
1445,4952,4,RB Leipzig,D1,2017,2018-01-15,RB Leipzig,Schalke 04,-1,-1,H,30,23,15,180130000,6000000,42959
1446,5350,4,RB Leipzig,D1,2017,2018-01-22,Freiburg,RB Leipzig,-1,-1,H,30,23,15,180130000,6000000,42959
1447,4891,4,RB Leipzig,D1,2017,2018-01-29,RB Leipzig,Hamburg,-1,-1,H,30,23,15,180130000,6000000,42959
1448,5343,4,RB Leipzig,D1,2017,2018-02-05,M'gladbach,RB Leipzig,-1,-1,H,30,23,15,180130000,6000000,42959
1449,5236,4,RB Leipzig,D1,2017,2018-02-12,RB Leipzig,Augsburg,-1,-1,H,30,23,15,180130000,6000000,42959
1450,5352,4,RB Leipzig,D1,2017,2018-02-19,Ein Frankfurt,RB Leipzig,-1,-1,H,30,23,15,180130000,6000000,42959
1451,4851,4,RB Leipzig,D1,2017,2018-02-26,RB Leipzig,FC Koln,-1,-1,H,30,23,15,180130000,6000000,42959
1452,4785,4,RB Leipzig,D1,2017,2018-03-05,RB Leipzig,Dortmund,-1,-1,H,30,23,15,180130000,6000000,42959
1453,5347,4,RB Leipzig,D1,2017,2018-03-12,Stuttgart,RB Leipzig,-1,-1,H,30,23,15,180130000,6000000,42959
1454,4776,4,RB Leipzig,D1,2017,2018-03-18,RB Leipzig,Bayern Munich,-1,-1,H,30,23,15,180130000,6000000,42959
1455,5354,4,RB Leipzig,D1,2017,2018-04-02,Hannover,RB Leipzig,-1,-1,H,30,23,15,180130000,6000000,42959
1456,4922,4,RB Leipzig,D1,2017,2018-04-09,RB Leipzig,Leverkusen,-1,-1,H,30,23,15,180130000,6000000,42959
1457,5342,4,RB Leipzig,D1,2017,2018-04-16,Werder Bremen,RB Leipzig,-1,-1,H,30,23,15,180130000,6000000,42959
1458,5242,4,RB Leipzig,D1,2017,2018-04-23,RB Leipzig,Hoffenheim,-1,-1,H,30,23,15,180130000,6000000,42959
1459,5344,4,RB Leipzig,D1,2017,2018-04-30,Mainz,RB Leipzig,-1,-1,H,30,23,15,180130000,6000000,42959
1460,5095,4,RB Leipzig,D1,2017,2018-05-05,RB Leipzig,Wolfsburg,-1,-1,H,30,23,15,180130000,6000000,42959
1461,5348,4,RB Leipzig,D1,2017,2018-05-12,Hertha,RB Leipzig,-1,-1,H,30,23,15,180130000,6000000,42959
1462,5524,5,Schalke 04,D1,2005,2005-08-07,Schalke 04,Kaiserslautern,2,1,H,32,24,15,87900000,2750000,62271
1463,5581,5,Schalke 04,D1,2005,2005-08-13,Dortmund,Schalke 04,1,2,A,32,24,15,87900000,2750000,62271
1464,5783,5,Schalke 04,D1,2005,2005-08-27,Schalke 04,M'gladbach,1,1,D,32,24,15,87900000,2750000,62271
1465,5583,5,Schalke 04,D1,2005,2005-09-10,Leverkusen,Schalke 04,1,1,D,32,24,15,87900000,2750000,62271
1466,5698,5,Schalke 04,D1,2005,2005-09-18,Schalke 04,Hertha,0,0,D,32,24,15,87900000,2750000,62271
1467,5585,5,Schalke 04,D1,2005,2005-09-21,Nurnberg,Schalke 04,1,1,D,32,24,15,87900000,2750000,62271
1468,5664,5,Schalke 04,D1,2005,2005-09-24,Schalke 04,Hannover,2,0,H,32,24,15,87900000,2750000,62271
1469,5587,5,Schalke 04,D1,2005,2005-10-01,Ein Frankfurt,Schalke 04,0,1,A,32,24,15,87900000,2750000,62271
1470,5384,5,Schalke 04,D1,2005,2005-10-15,Schalke 04,Bayern Munich,1,1,D,32,24,15,87900000,2750000,62271
1471,5589,5,Schalke 04,D1,2005,2005-10-22,Wolfsburg,Schalke 04,0,0,D,32,24,15,87900000,2750000,62271
1472,5593,5,Schalke 04,D1,2005,2005-10-29,Hamburg,Schalke 04,1,0,H,32,24,15,87900000,2750000,62271
1473,5434,5,Schalke 04,D1,2005,2005-11-05,Schalke 04,Duisburg,3,0,H,32,24,15,87900000,2750000,62271
1474,5596,5,Schalke 04,D1,2005,2005-11-19,FC Koln,Schalke 04,2,2,D,32,24,15,87900000,2750000,62271
1475,5630,5,Schalke 04,D1,2005,2005-11-26,Schalke 04,Werder Bremen,2,1,H,32,24,15,87900000,2750000,62271
1476,5592,5,Schalke 04,D1,2005,2005-12-03,Bielefeld,Schalke 04,0,1,A,32,24,15,87900000,2750000,62271
1477,5712,5,Schalke 04,D1,2005,2005-12-10,Schalke 04,Mainz,1,0,H,32,24,15,87900000,2750000,62271
1478,5582,5,Schalke 04,D1,2005,2005-12-17,Stuttgart,Schalke 04,2,0,H,32,24,15,87900000,2750000,62271
1479,5584,5,Schalke 04,D1,2005,2006-01-29,Kaiserslautern,Schalke 04,0,2,A,32,24,15,87900000,2750000,62271
1480,5397,5,Schalke 04,D1,2005,2006-02-04,Schalke 04,Dortmund,0,0,D,32,24,15,87900000,2750000,62271
1481,5588,5,Schalke 04,D1,2005,2006-02-08,M'gladbach,Schalke 04,0,0,D,32,24,15,87900000,2750000,62271
1482,5561,5,Schalke 04,D1,2005,2006-02-11,Schalke 04,Leverkusen,7,4,H,32,24,15,87900000,2750000,62271
1483,5595,5,Schalke 04,D1,2005,2006-02-18,Hertha,Schalke 04,1,2,A,32,24,15,87900000,2750000,62271
1484,5569,5,Schalke 04,D1,2005,2006-02-25,Schalke 04,Nurnberg,2,0,H,32,24,15,87900000,2750000,62271
1485,5590,5,Schalke 04,D1,2005,2006-03-04,Hannover,Schalke 04,1,2,A,32,24,15,87900000,2750000,62271
1486,5453,5,Schalke 04,D1,2005,2006-03-12,Schalke 04,Ein Frankfurt,2,0,H,32,24,15,87900000,2750000,62271
1487,5591,5,Schalke 04,D1,2005,2006-03-19,Bayern Munich,Schalke 04,3,0,H,32,24,15,87900000,2750000,62271
1488,5754,5,Schalke 04,D1,2005,2006-03-25,Schalke 04,Wolfsburg,2,2,D,32,24,15,87900000,2750000,62271
1489,5508,5,Schalke 04,D1,2005,2006-04-02,Schalke 04,Hamburg,0,2,A,32,24,15,87900000,2750000,62271
1490,5594,5,Schalke 04,D1,2005,2006-04-09,Duisburg,Schalke 04,1,1,D,32,24,15,87900000,2750000,62271
1491,5470,5,Schalke 04,D1,2005,2006-04-15,Schalke 04,FC Koln,1,1,D,32,24,15,87900000,2750000,62271
1492,5586,5,Schalke 04,D1,2005,2006-04-23,Werder Bremen,Schalke 04,0,0,D,32,24,15,87900000,2750000,62271
1493,5792,5,Schalke 04,D1,2005,2006-05-03,Schalke 04,Bielefeld,3,1,H,32,24,15,87900000,2750000,62271
1494,5580,5,Schalke 04,D1,2005,2006-05-06,Mainz,Schalke 04,1,0,H,32,24,15,87900000,2750000,62271
1495,5613,5,Schalke 04,D1,2005,2006-05-13,Schalke 04,Stuttgart,3,2,H,32,24,15,87900000,2750000,62271
1496,6048,5,Schalke 04,D1,2006,2006-08-12,Schalke 04,Ein Frankfurt,1,1,D,29,24,14,87430000,3010000,62271
1497,6191,5,Schalke 04,D1,2006,2006-08-19,Aachen,Schalke 04,0,1,A,29,24,14,87430000,3010000,62271
1498,6215,5,Schalke 04,D1,2006,2006-08-25,Schalke 04,Werder Bremen,2,0,H,29,24,14,87430000,3010000,62271
1499,6187,5,Schalke 04,D1,2006,2006-09-17,Hertha,Schalke 04,2,0,H,29,24,14,87430000,3010000,62271
1500,6357,5,Schalke 04,D1,2006,2006-09-23,Schalke 04,Wolfsburg,2,0,H,29,24,14,87430000,3010000,62271
1501,6175,5,Schalke 04,D1,2006,2006-10-01,Leverkusen,Schalke 04,3,1,H,29,24,14,87430000,3010000,62271
1502,6180,5,Schalke 04,D1,2006,2006-10-14,Hamburg,Schalke 04,1,2,A,29,24,14,87430000,3010000,62271
1503,6267,5,Schalke 04,D1,2006,2006-10-21,Schalke 04,Hannover,2,1,H,29,24,14,87430000,3010000,62271
1504,6182,5,Schalke 04,D1,2006,2006-10-29,Stuttgart,Schalke 04,3,0,H,29,24,14,87430000,3010000,62271
1505,6000,5,Schalke 04,D1,2006,2006-11-05,Schalke 04,Bayern Munich,2,2,D,29,24,14,87430000,3010000,62271
1506,6181,5,Schalke 04,D1,2006,2006-11-08,M'gladbach,Schalke 04,0,2,A,29,24,14,87430000,3010000,62271
1507,6315,5,Schalke 04,D1,2006,2006-11-11,Schalke 04,Mainz,4,0,H,29,24,14,87430000,3010000,62271
1508,6176,5,Schalke 04,D1,2006,2006-11-18,Cottbus,Schalke 04,2,4,A,29,24,14,87430000,3010000,62271
1509,6233,5,Schalke 04,D1,2006,2006-11-24,Schalke 04,Bochum,2,1,H,29,24,14,87430000,3010000,62271
1510,6186,5,Schalke 04,D1,2006,2006-12-03,Nurnberg,Schalke 04,0,0,D,29,24,14,87430000,3010000,62271
1511,6015,5,Schalke 04,D1,2006,2006-12-10,Schalke 04,Dortmund,3,1,H,29,24,14,87430000,3010000,62271
1512,6178,5,Schalke 04,D1,2006,2006-12-16,Bielefeld,Schalke 04,0,1,A,29,24,14,87430000,3010000,62271
1513,6188,5,Schalke 04,D1,2006,2007-01-27,Ein Frankfurt,Schalke 04,1,3,A,29,24,14,87430000,3010000,62271
1514,6480,5,Schalke 04,D1,2006,2007-01-31,Schalke 04,Aachen,2,1,H,29,24,14,87430000,3010000,62271
1515,6184,5,Schalke 04,D1,2006,2007-02-04,Werder Bremen,Schalke 04,0,2,A,29,24,14,87430000,3010000,62271
1516,6298,5,Schalke 04,D1,2006,2007-02-10,Schalke 04,Hertha,2,0,H,29,24,14,87430000,3010000,62271
1517,6183,5,Schalke 04,D1,2006,2007-02-17,Wolfsburg,Schalke 04,2,2,D,29,24,14,87430000,3010000,62271
1518,6157,5,Schalke 04,D1,2006,2007-02-25,Schalke 04,Leverkusen,0,1,A,29,24,14,87430000,3010000,62271
1519,6096,5,Schalke 04,D1,2006,2007-03-02,Schalke 04,Hamburg,0,2,A,29,24,14,87430000,3010000,62271
1520,6177,5,Schalke 04,D1,2006,2007-03-10,Hannover,Schalke 04,1,1,D,29,24,14,87430000,3010000,62271
1521,6205,5,Schalke 04,D1,2006,2007-03-17,Schalke 04,Stuttgart,1,0,H,29,24,14,87430000,3010000,62271
1522,6185,5,Schalke 04,D1,2006,2007-03-31,Bayern Munich,Schalke 04,2,0,H,29,24,14,87430000,3010000,62271
1523,6362,5,Schalke 04,D1,2006,2007-04-07,Schalke 04,M'gladbach,2,0,H,29,24,14,87430000,3010000,62271
1524,6189,5,Schalke 04,D1,2006,2007-04-14,Mainz,Schalke 04,0,3,A,29,24,14,87430000,3010000,62271
1525,6432,5,Schalke 04,D1,2006,2007-04-21,Schalke 04,Cottbus,2,0,H,29,24,14,87430000,3010000,62271
1526,6190,5,Schalke 04,D1,2006,2007-04-27,Bochum,Schalke 04,2,1,H,29,24,14,87430000,3010000,62271
1527,6172,5,Schalke 04,D1,2006,2007-05-05,Schalke 04,Nurnberg,1,0,H,29,24,14,87430000,3010000,62271
1528,6179,5,Schalke 04,D1,2006,2007-05-12,Dortmund,Schalke 04,2,0,H,29,24,14,87430000,3010000,62271
1529,6382,5,Schalke 04,D1,2006,2007-05-19,Schalke 04,Bielefeld,2,1,H,29,24,14,87430000,3010000,62271
1530,6787,5,Schalke 04,D1,2007,2007-08-10,Stuttgart,Schalke 04,2,2,D,30,26,16,106900000,3560000,62271
1531,6633,5,Schalke 04,D1,2007,2007-08-18,Schalke 04,Dortmund,4,1,H,30,26,16,106900000,3560000,62271
1532,6779,5,Schalke 04,D1,2007,2007-08-26,Wolfsburg,Schalke 04,1,1,D,30,26,16,106900000,3560000,62271
1533,6738,5,Schalke 04,D1,2007,2007-08-31,Schalke 04,Leverkusen,1,1,D,30,26,16,106900000,3560000,62271
1534,6776,5,Schalke 04,D1,2007,2007-09-15,Bayern Munich,Schalke 04,1,1,D,30,26,16,106900000,3560000,62271
1535,7000,5,Schalke 04,D1,2007,2007-09-22,Schalke 04,Bielefeld,3,0,H,30,26,16,106900000,3560000,62271
1536,6780,5,Schalke 04,D1,2007,2007-09-25,Duisburg,Schalke 04,0,2,A,30,26,16,106900000,3560000,62271
1537,6902,5,Schalke 04,D1,2007,2007-09-28,Schalke 04,Hertha,1,0,H,30,26,16,106900000,3560000,62271
1538,6728,5,Schalke 04,D1,2007,2007-10-06,Schalke 04,Karlsruhe,0,2,A,30,26,16,106900000,3560000,62271
1539,6773,5,Schalke 04,D1,2007,2007-10-20,Hansa Rostock,Schalke 04,1,1,D,30,26,16,106900000,3560000,62271
1540,6806,5,Schalke 04,D1,2007,2007-10-27,Schalke 04,Werder Bremen,1,1,D,30,26,16,106900000,3560000,62271
1541,6778,5,Schalke 04,D1,2007,2007-11-02,Cottbus,Schalke 04,1,0,H,30,26,16,106900000,3560000,62271
1542,6711,5,Schalke 04,D1,2007,2007-11-10,Schalke 04,Hamburg,1,1,D,30,26,16,106900000,3560000,62271
1543,6775,5,Schalke 04,D1,2007,2007-11-24,Hannover,Schalke 04,2,3,A,30,26,16,106900000,3560000,62271
1544,6838,5,Schalke 04,D1,2007,2007-12-01,Schalke 04,Bochum,1,0,H,30,26,16,106900000,3560000,62271
1545,6788,5,Schalke 04,D1,2007,2007-12-08,Ein Frankfurt,Schalke 04,2,2,D,30,26,16,106900000,3560000,62271
1546,6767,5,Schalke 04,D1,2007,2007-12-15,Schalke 04,Nurnberg,2,1,H,30,26,16,106900000,3560000,62271
1547,6802,5,Schalke 04,D1,2007,2008-02-03,Schalke 04,Stuttgart,4,1,H,30,26,16,106900000,3560000,62271
1548,6781,5,Schalke 04,D1,2007,2008-02-10,Dortmund,Schalke 04,2,3,A,30,26,16,106900000,3560000,62271
1549,6962,5,Schalke 04,D1,2007,2008-02-15,Schalke 04,Wolfsburg,1,2,A,30,26,16,106900000,3560000,62271
1550,6785,5,Schalke 04,D1,2007,2008-02-23,Leverkusen,Schalke 04,1,0,H,30,26,16,106900000,3560000,62271
1551,6615,5,Schalke 04,D1,2007,2008-03-01,Schalke 04,Bayern Munich,0,1,A,30,26,16,106900000,3560000,62271
1552,6786,5,Schalke 04,D1,2007,2008-03-08,Bielefeld,Schalke 04,0,2,A,30,26,16,106900000,3560000,62271
1553,6636,5,Schalke 04,D1,2007,2008-03-14,Schalke 04,Duisburg,2,1,H,30,26,16,106900000,3560000,62271
1554,6782,5,Schalke 04,D1,2007,2008-03-23,Hertha,Schalke 04,1,2,A,30,26,16,106900000,3560000,62271
1555,6774,5,Schalke 04,D1,2007,2008-03-29,Karlsruhe,Schalke 04,0,0,D,30,26,16,106900000,3560000,62271
1556,6889,5,Schalke 04,D1,2007,2008-04-05,Schalke 04,Hansa Rostock,1,0,H,30,26,16,106900000,3560000,62271
1557,6772,5,Schalke 04,D1,2007,2008-04-12,Werder Bremen,Schalke 04,5,1,H,30,26,16,106900000,3560000,62271
1558,7017,5,Schalke 04,D1,2007,2008-04-15,Schalke 04,Cottbus,5,0,H,30,26,16,106900000,3560000,62271
1559,6784,5,Schalke 04,D1,2007,2008-04-26,Hamburg,Schalke 04,0,1,A,30,26,16,106900000,3560000,62271
1560,6859,5,Schalke 04,D1,2007,2008-05-03,Schalke 04,Hannover,1,1,D,30,26,16,106900000,3560000,62271
1561,6783,5,Schalke 04,D1,2007,2008-05-06,Bochum,Schalke 04,0,3,A,30,26,16,106900000,3560000,62271
1562,6654,5,Schalke 04,D1,2007,2008-05-10,Schalke 04,Ein Frankfurt,1,0,H,30,26,16,106900000,3560000,62271
1563,6777,5,Schalke 04,D1,2007,2008-05-17,Nurnberg,Schalke 04,0,2,A,30,26,16,106900000,3560000,62271
1564,7451,5,Schalke 04,D1,2008,2008-08-16,Schalke 04,Hannover,3,0,H,29,25,17,128000000,4410000,62271
1565,7374,5,Schalke 04,D1,2008,2008-08-23,Werder Bremen,Schalke 04,1,1,D,29,25,17,128000000,4410000,62271
1566,7430,5,Schalke 04,D1,2008,2008-08-30,Schalke 04,Bochum,1,0,H,29,25,17,128000000,4410000,62271
1567,7380,5,Schalke 04,D1,2008,2008-09-13,Dortmund,Schalke 04,3,3,D,29,25,17,128000000,4410000,62271
1568,7253,5,Schalke 04,D1,2008,2008-09-20,Schalke 04,Ein Frankfurt,1,0,H,29,25,17,128000000,4410000,62271
1569,7378,5,Schalke 04,D1,2008,2008-09-26,FC Koln,Schalke 04,1,0,H,29,25,17,128000000,4410000,62271
1570,7548,5,Schalke 04,D1,2008,2008-10-05,Schalke 04,Wolfsburg,2,2,D,29,25,17,128000000,4410000,62271
1571,7381,5,Schalke 04,D1,2008,2008-10-19,Hamburg,Schalke 04,1,1,D,29,25,17,128000000,4410000,62271
1572,7579,5,Schalke 04,D1,2008,2008-10-25,Schalke 04,Bielefeld,0,0,D,29,25,17,128000000,4410000,62271
1573,7369,5,Schalke 04,D1,2008,2008-10-28,Karlsruhe,Schalke 04,0,3,A,29,25,17,128000000,4410000,62271
1574,7382,5,Schalke 04,D1,2008,2008-11-01,Cottbus,Schalke 04,0,2,A,29,25,17,128000000,4410000,62271
1575,7207,5,Schalke 04,D1,2008,2008-11-09,Schalke 04,Bayern Munich,1,2,A,29,25,17,128000000,4410000,62271
1576,7373,5,Schalke 04,D1,2008,2008-11-15,Leverkusen,Schalke 04,2,1,H,29,25,17,128000000,4410000,62271
1577,7557,5,Schalke 04,D1,2008,2008-11-22,Schalke 04,M'gladbach,3,1,H,29,25,17,128000000,4410000,62271
1578,7372,5,Schalke 04,D1,2008,2008-11-30,Stuttgart,Schalke 04,2,0,H,29,25,17,128000000,4410000,62271
1579,7469,5,Schalke 04,D1,2008,2008-12-06,Schalke 04,Hertha,1,0,H,29,25,17,128000000,4410000,62271
1580,7368,5,Schalke 04,D1,2008,2008-12-14,Hoffenheim,Schalke 04,1,1,D,29,25,17,128000000,4410000,62271
1581,7375,5,Schalke 04,D1,2008,2009-01-31,Hannover,Schalke 04,1,0,H,29,25,17,128000000,4410000,62271
1582,7408,5,Schalke 04,D1,2008,2009-02-07,Schalke 04,Werder Bremen,1,0,H,29,25,17,128000000,4410000,62271
1583,7379,5,Schalke 04,D1,2008,2009-02-14,Bochum,Schalke 04,2,1,H,29,25,17,128000000,4410000,62271
1584,7220,5,Schalke 04,D1,2008,2009-02-20,Schalke 04,Dortmund,1,1,D,29,25,17,128000000,4410000,62271
1585,7377,5,Schalke 04,D1,2008,2009-02-28,Ein Frankfurt,Schalke 04,1,2,A,29,25,17,128000000,4410000,62271
1586,7268,5,Schalke 04,D1,2008,2009-03-06,Schalke 04,FC Koln,1,0,H,29,25,17,128000000,4410000,62271
1587,7367,5,Schalke 04,D1,2008,2009-03-13,Wolfsburg,Schalke 04,4,3,H,29,25,17,128000000,4410000,62271
1588,7315,5,Schalke 04,D1,2008,2009-03-22,Schalke 04,Hamburg,1,2,A,29,25,17,128000000,4410000,62271
1589,7370,5,Schalke 04,D1,2008,2009-04-03,Bielefeld,Schalke 04,0,2,A,29,25,17,128000000,4410000,62271
1590,7326,5,Schalke 04,D1,2008,2009-04-11,Schalke 04,Karlsruhe,2,0,H,29,25,17,128000000,4410000,62271
1591,7598,5,Schalke 04,D1,2008,2009-04-17,Schalke 04,Cottbus,4,0,H,29,25,17,128000000,4410000,62271
1592,7376,5,Schalke 04,D1,2008,2009-04-25,Bayern Munich,Schalke 04,0,1,A,29,25,17,128000000,4410000,62271
1593,7344,5,Schalke 04,D1,2008,2009-05-02,Schalke 04,Leverkusen,1,2,A,29,25,17,128000000,4410000,62271
1594,7371,5,Schalke 04,D1,2008,2009-05-10,M'gladbach,Schalke 04,1,0,H,29,25,17,128000000,4410000,62271
1595,7395,5,Schalke 04,D1,2008,2009-05-13,Schalke 04,Stuttgart,1,2,A,29,25,17,128000000,4410000,62271
1596,7383,5,Schalke 04,D1,2008,2009-05-16,Hertha,Schalke 04,0,0,D,29,25,17,128000000,4410000,62271
1597,7728,5,Schalke 04,D1,2008,2009-05-23,Schalke 04,Hoffenheim,2,3,A,29,25,17,128000000,4410000,62271
1598,59,5,Schalke 04,D1,2009,2009-08-08,Nurnberg,Schalke 04,1,2,A,40,23,23,113550000,2840000,62271
1599,111,5,Schalke 04,D1,2009,2009-08-16,Schalke 04,Bochum,3,0,H,40,23,23,113550000,2840000,62271
1600,70,5,Schalke 04,D1,2009,2009-08-21,Hoffenheim,Schalke 04,0,0,D,40,23,23,113550000,2840000,62271
1601,7877,5,Schalke 04,D1,2009,2009-08-29,Schalke 04,Freiburg,0,1,A,40,23,23,113550000,2840000,62271
1602,55,5,Schalke 04,D1,2009,2009-09-13,FC Koln,Schalke 04,1,2,A,40,23,23,113550000,2840000,62271
1603,228,5,Schalke 04,D1,2009,2009-09-18,Schalke 04,Wolfsburg,1,2,A,40,23,23,113550000,2840000,62271
1604,67,5,Schalke 04,D1,2009,2009-09-26,Dortmund,Schalke 04,0,1,A,40,23,23,113550000,2840000,62271
1605,7845,5,Schalke 04,D1,2009,2009-10-02,Schalke 04,Ein Frankfurt,2,0,H,40,23,23,113550000,2840000,62271
1606,63,5,Schalke 04,D1,2009,2009-10-17,Stuttgart,Schalke 04,1,2,A,40,23,23,113550000,2840000,62271
1607,7904,5,Schalke 04,D1,2009,2009-10-25,Schalke 04,Hamburg,3,3,D,40,23,23,113550000,2840000,62271
1608,28,5,Schalke 04,D1,2009,2009-10-31,Schalke 04,Leverkusen,2,2,D,40,23,23,113550000,2840000,62271
1609,57,5,Schalke 04,D1,2009,2009-11-07,Bayern Munich,Schalke 04,1,1,D,40,23,23,113550000,2840000,62271
1610,123,5,Schalke 04,D1,2009,2009-11-21,Schalke 04,Hannover,2,0,H,40,23,23,113550000,2840000,62271
1611,56,5,Schalke 04,D1,2009,2009-11-28,M'gladbach,Schalke 04,1,0,H,40,23,23,113550000,2840000,62271
1612,168,5,Schalke 04,D1,2009,2009-12-06,Schalke 04,Hertha,2,0,H,40,23,23,113550000,2840000,62271
1613,61,5,Schalke 04,D1,2009,2009-12-12,Werder Bremen,Schalke 04,0,2,A,40,23,23,113550000,2840000,62271
1614,179,5,Schalke 04,D1,2009,2009-12-18,Schalke 04,Mainz,1,0,H,40,23,23,113550000,2840000,62271
1615,43,5,Schalke 04,D1,2009,2010-01-17,Schalke 04,Nurnberg,1,0,H,40,23,23,113550000,2840000,62271
1616,65,5,Schalke 04,D1,2009,2010-01-23,Bochum,Schalke 04,2,2,D,40,23,23,113550000,2840000,62271
1617,430,5,Schalke 04,D1,2009,2010-01-30,Schalke 04,Hoffenheim,2,0,H,40,23,23,113550000,2840000,62271
1618,58,5,Schalke 04,D1,2009,2010-02-06,Freiburg,Schalke 04,0,0,D,40,23,23,113550000,2840000,62271
1619,7874,5,Schalke 04,D1,2009,2010-02-14,Schalke 04,FC Koln,2,0,H,40,23,23,113550000,2840000,62271
1620,68,5,Schalke 04,D1,2009,2010-02-21,Wolfsburg,Schalke 04,2,1,H,40,23,23,113550000,2840000,62271
1621,7815,5,Schalke 04,D1,2009,2010-02-26,Schalke 04,Dortmund,2,1,H,40,23,23,113550000,2840000,62271
1622,66,5,Schalke 04,D1,2009,2010-03-06,Ein Frankfurt,Schalke 04,1,4,A,40,23,23,113550000,2840000,62271
1623,79,5,Schalke 04,D1,2009,2010-03-12,Schalke 04,Stuttgart,2,1,H,40,23,23,113550000,2840000,62271
1624,64,5,Schalke 04,D1,2009,2010-03-21,Hamburg,Schalke 04,2,2,D,40,23,23,113550000,2840000,62271
1625,69,5,Schalke 04,D1,2009,2010-03-27,Leverkusen,Schalke 04,0,2,A,40,23,23,113550000,2840000,62271
1626,7803,5,Schalke 04,D1,2009,2010-04-03,Schalke 04,Bayern Munich,1,2,A,40,23,23,113550000,2840000,62271
1627,71,5,Schalke 04,D1,2009,2010-04-10,Hannover,Schalke 04,4,2,H,40,23,23,113550000,2840000,62271
1628,253,5,Schalke 04,D1,2009,2010-04-17,Schalke 04,M'gladbach,3,1,H,40,23,23,113550000,2840000,62271
1629,60,5,Schalke 04,D1,2009,2010-04-24,Hertha,Schalke 04,0,1,A,40,23,23,113550000,2840000,62271
1630,98,5,Schalke 04,D1,2009,2010-05-01,Schalke 04,Werder Bremen,0,2,A,40,23,23,113550000,2840000,62271
1631,62,5,Schalke 04,D1,2009,2010-05-08,Mainz,Schalke 04,0,0,D,40,23,23,113550000,2840000,62271
1632,675,5,Schalke 04,D1,2010,2010-08-21,Hamburg,Schalke 04,2,1,H,36,24,23,139650000,3880000,62271
1633,739,5,Schalke 04,D1,2010,2010-08-28,Schalke 04,Hannover,1,2,A,36,24,23,139650000,3880000,62271
1634,679,5,Schalke 04,D1,2010,2010-09-10,Hoffenheim,Schalke 04,2,0,H,36,24,23,139650000,3880000,62271
1635,504,5,Schalke 04,D1,2010,2010-09-19,Schalke 04,Dortmund,1,3,A,36,24,23,139650000,3880000,62271
1636,670,5,Schalke 04,D1,2010,2010-09-22,Freiburg,Schalke 04,1,2,A,36,24,23,139650000,3880000,62271
1637,842,5,Schalke 04,D1,2010,2010-09-25,Schalke 04,M'gladbach,2,2,D,36,24,23,139650000,3880000,62271
1638,677,5,Schalke 04,D1,2010,2010-10-02,Nurnberg,Schalke 04,2,1,H,36,24,23,139650000,3880000,62271
1639,686,5,Schalke 04,D1,2010,2010-10-16,Schalke 04,Stuttgart,2,2,D,36,24,23,139650000,3880000,62271
1640,674,5,Schalke 04,D1,2010,2010-10-23,Ein Frankfurt,Schalke 04,0,0,D,36,24,23,139650000,3880000,62271
1641,641,5,Schalke 04,D1,2010,2010-10-30,Schalke 04,Leverkusen,0,1,A,36,24,23,139650000,3880000,62271
1642,819,5,Schalke 04,D1,2010,2010-11-05,Schalke 04,St Pauli,3,0,H,36,24,23,139650000,3880000,62271
1643,669,5,Schalke 04,D1,2010,2010-11-13,Wolfsburg,Schalke 04,2,2,D,36,24,23,139650000,3880000,62271
1644,703,5,Schalke 04,D1,2010,2010-11-20,Schalke 04,Werder Bremen,4,0,H,36,24,23,139650000,3880000,62271
1645,668,5,Schalke 04,D1,2010,2010-11-27,Kaiserslautern,Schalke 04,5,0,H,36,24,23,139650000,3880000,62271
1646,486,5,Schalke 04,D1,2010,2010-12-04,Schalke 04,Bayern Munich,2,0,H,36,24,23,139650000,3880000,62271
1647,683,5,Schalke 04,D1,2010,2010-12-12,Mainz,Schalke 04,0,1,A,36,24,23,139650000,3880000,62271
1648,552,5,Schalke 04,D1,2010,2010-12-18,Schalke 04,FC Koln,3,0,H,36,24,23,139650000,3880000,62271
1649,589,5,Schalke 04,D1,2010,2011-01-15,Schalke 04,Hamburg,0,1,A,36,24,23,139650000,3880000,62271
1650,667,5,Schalke 04,D1,2010,2011-01-22,Hannover,Schalke 04,0,1,A,36,24,23,139650000,3880000,62271
1651,1033,5,Schalke 04,D1,2010,2011-01-29,Schalke 04,Hoffenheim,0,1,A,36,24,23,139650000,3880000,62271
1652,676,5,Schalke 04,D1,2010,2011-02-04,Dortmund,Schalke 04,0,0,D,36,24,23,139650000,3880000,62271
1653,573,5,Schalke 04,D1,2010,2011-02-12,Schalke 04,Freiburg,1,0,H,36,24,23,139650000,3880000,62271
1654,680,5,Schalke 04,D1,2010,2011-02-20,M'gladbach,Schalke 04,2,1,H,36,24,23,139650000,3880000,62271
1655,666,5,Schalke 04,D1,2010,2011-02-26,Schalke 04,Nurnberg,1,1,D,36,24,23,139650000,3880000,62271
1656,682,5,Schalke 04,D1,2010,2011-03-05,Stuttgart,Schalke 04,1,0,H,36,24,23,139650000,3880000,62271
1657,546,5,Schalke 04,D1,2010,2011-03-12,Schalke 04,Ein Frankfurt,2,1,H,36,24,23,139650000,3880000,62271
1658,678,5,Schalke 04,D1,2010,2011-03-20,Leverkusen,Schalke 04,2,0,H,36,24,23,139650000,3880000,62271
1659,673,5,Schalke 04,D1,2010,2011-04-01,St Pauli,Schalke 04,0,2,A,36,24,23,139650000,3880000,62271
1660,832,5,Schalke 04,D1,2010,2011-04-09,Schalke 04,Wolfsburg,1,0,H,36,24,23,139650000,3880000,62271
1661,681,5,Schalke 04,D1,2010,2011-04-16,Werder Bremen,Schalke 04,1,1,D,36,24,23,139650000,3880000,62271
1662,606,5,Schalke 04,D1,2010,2011-04-23,Schalke 04,Kaiserslautern,0,1,A,36,24,23,139650000,3880000,62271
1663,671,5,Schalke 04,D1,2010,2011-04-30,Bayern Munich,Schalke 04,4,1,H,36,24,23,139650000,3880000,62271
1664,771,5,Schalke 04,D1,2010,2011-05-07,Schalke 04,Mainz,1,3,A,36,24,23,139650000,3880000,62271
1665,672,5,Schalke 04,D1,2010,2011-05-14,FC Koln,Schalke 04,2,1,H,36,24,23,139650000,3880000,62271
1666,1311,5,Schalke 04,D1,2011,2011-08-06,Stuttgart,Schalke 04,3,0,H,37,24,20,136730000,3700000,62271
1667,1180,5,Schalke 04,D1,2011,2011-08-13,Schalke 04,FC Koln,5,1,H,37,24,20,136730000,3700000,62271
1668,1312,5,Schalke 04,D1,2011,2011-08-21,Mainz,Schalke 04,2,4,A,37,24,20,136730000,3700000,62271
1669,1486,5,Schalke 04,D1,2011,2011-08-28,Schalke 04,M'gladbach,1,0,H,37,24,20,136730000,3700000,62271
1670,1298,5,Schalke 04,D1,2011,2011-09-11,Wolfsburg,Schalke 04,2,1,H,37,24,20,136730000,3700000,62271
1671,1100,5,Schalke 04,D1,2011,2011-09-18,Schalke 04,Bayern Munich,0,2,A,37,24,20,136730000,3700000,62271
1672,1195,5,Schalke 04,D1,2011,2011-09-24,Schalke 04,Freiburg,4,2,H,37,24,20,136730000,3700000,62271
1673,1309,5,Schalke 04,D1,2011,2011-10-02,Hamburg,Schalke 04,1,2,A,37,24,20,136730000,3700000,62271
1674,1232,5,Schalke 04,D1,2011,2011-10-15,Schalke 04,Kaiserslautern,1,2,A,37,24,20,136730000,3700000,62271
1675,1305,5,Schalke 04,D1,2011,2011-10-23,Leverkusen,Schalke 04,0,1,A,37,24,20,136730000,3700000,62271
1676,1647,5,Schalke 04,D1,2011,2011-10-29,Schalke 04,Hoffenheim,3,1,H,37,24,20,136730000,3700000,62271
1677,1300,5,Schalke 04,D1,2011,2011-11-06,Hannover,Schalke 04,2,2,D,37,24,20,136730000,3700000,62271
1678,1289,5,Schalke 04,D1,2011,2011-11-19,Schalke 04,Nurnberg,4,0,H,37,24,20,136730000,3700000,62271
1679,1304,5,Schalke 04,D1,2011,2011-11-26,Dortmund,Schalke 04,2,0,H,37,24,20,136730000,3700000,62271
1680,1627,5,Schalke 04,D1,2011,2011-12-04,Schalke 04,Augsburg,3,1,H,37,24,20,136730000,3700000,62271
1681,1303,5,Schalke 04,D1,2011,2011-12-09,Hertha,Schalke 04,1,2,A,37,24,20,136730000,3700000,62271
1682,1346,5,Schalke 04,D1,2011,2011-12-17,Schalke 04,Werder Bremen,5,0,H,37,24,20,136730000,3700000,62271
1683,1315,5,Schalke 04,D1,2011,2012-01-21,Schalke 04,Stuttgart,3,1,H,37,24,20,136730000,3700000,62271
1684,1299,5,Schalke 04,D1,2011,2012-01-28,FC Koln,Schalke 04,1,4,A,37,24,20,136730000,3700000,62271
1685,1431,5,Schalke 04,D1,2011,2012-02-04,Schalke 04,Mainz,1,1,D,37,24,20,136730000,3700000,62271
1686,1308,5,Schalke 04,D1,2011,2012-02-11,M'gladbach,Schalke 04,3,0,H,37,24,20,136730000,3700000,62271
1687,1472,5,Schalke 04,D1,2011,2012-02-19,Schalke 04,Wolfsburg,4,0,H,37,24,20,136730000,3700000,62271
1688,1310,5,Schalke 04,D1,2011,2012-02-26,Bayern Munich,Schalke 04,2,0,H,37,24,20,136730000,3700000,62271
1689,1302,5,Schalke 04,D1,2011,2012-03-03,Freiburg,Schalke 04,2,1,H,37,24,20,136730000,3700000,62271
1690,1216,5,Schalke 04,D1,2011,2012-03-11,Schalke 04,Hamburg,3,1,H,37,24,20,136730000,3700000,62271
1691,1306,5,Schalke 04,D1,2011,2012-03-18,Kaiserslautern,Schalke 04,1,4,A,37,24,20,136730000,3700000,62271
1692,1264,5,Schalke 04,D1,2011,2012-03-24,Schalke 04,Leverkusen,2,0,H,37,24,20,136730000,3700000,62271
1693,1296,5,Schalke 04,D1,2011,2012-04-01,Hoffenheim,Schalke 04,1,1,D,37,24,20,136730000,3700000,62271
1694,1369,5,Schalke 04,D1,2011,2012-04-08,Schalke 04,Hannover,3,0,H,37,24,20,136730000,3700000,62271
1695,1297,5,Schalke 04,D1,2011,2012-04-11,Nurnberg,Schalke 04,4,1,H,37,24,20,136730000,3700000,62271
1696,1117,5,Schalke 04,D1,2011,2012-04-14,Schalke 04,Dortmund,1,2,A,37,24,20,136730000,3700000,62271
1697,1307,5,Schalke 04,D1,2011,2012-04-22,Augsburg,Schalke 04,1,1,D,37,24,20,136730000,3700000,62271
1698,1409,5,Schalke 04,D1,2011,2012-04-28,Schalke 04,Hertha,4,0,H,37,24,20,136730000,3700000,62271
1699,1301,5,Schalke 04,D1,2011,2012-05-05,Werder Bremen,Schalke 04,2,3,A,37,24,20,136730000,3700000,62271
1700,1897,5,Schalke 04,D1,2012,2012-08-26,Hannover,Schalke 04,2,2,D,28,24,17,171000000,6110000,62271
1701,2208,5,Schalke 04,D1,2012,2012-09-01,Schalke 04,Augsburg,3,1,H,28,24,17,171000000,6110000,62271
1702,1901,5,Schalke 04,D1,2012,2012-09-15,Greuther Furth,Schalke 04,0,2,A,28,24,17,171000000,6110000,62271
